epoch,step,train_loss,val_acc,val_f1,val_loss,val_prec,val_rec
0,9,0.6821812987327576,,,,,
0,19,0.6941104531288147,,,,,
0,29,0.7006714344024658,,,,,
0,39,0.6852215528488159,,,,,
0,49,0.6935049891471863,,,,,
0,59,0.691869854927063,,,,,
0,69,0.6831746697425842,,,,,
0,79,0.6856516599655151,,,,,
0,89,0.6933163404464722,,,,,
0,99,0.6948689818382263,,,,,
0,109,0.6917319893836975,,,,,
0,119,0.6950296759605408,,,,,
0,129,0.6924462914466858,,,,,
0,139,0.6951026320457458,,,,,
0,149,0.6970306634902954,,,,,
0,159,0.7001243233680725,,,,,
0,169,0.6996546387672424,,,,,
0,179,0.6956508755683899,,,,,
0,189,0.6934199929237366,,,,,
0,199,0.6881937384605408,,,,,
0,209,0.6912547945976257,,,,,
0,219,0.6901763677597046,,,,,
0,229,0.6929065585136414,,,,,
0,239,0.6898391246795654,,,,,
0,249,0.6852858066558838,,,,,
0,259,0.6885579824447632,,,,,
0,269,0.6929567456245422,,,,,
0,279,0.6969607472419739,,,,,
0,289,0.6894243359565735,,,,,
0,299,0.6953732371330261,,,,,
0,309,0.6928033232688904,,,,,
0,319,0.688907265663147,,,,,
0,329,0.6925380229949951,,,,,
0,339,0.6908553838729858,,,,,
0,349,0.6917966604232788,,,,,
0,359,0.6923511028289795,,,,,
0,369,0.6890365481376648,,,,,
0,379,0.6837934255599976,,,,,
0,389,0.693279504776001,,,,,
0,399,0.6961061358451843,,,,,
0,409,0.6944485306739807,,,,,
0,419,0.7078943252563477,,,,,
0,429,0.682708203792572,,,,,
0,439,0.6846246719360352,,,,,
0,449,0.692408561706543,,,,,
0,459,0.6934022307395935,,,,,
0,469,0.6897299289703369,,,,,
0,479,0.6924397349357605,,,,,
0,489,0.6953405141830444,,,,,
0,499,0.6916370391845703,,,,,
0,509,0.693385660648346,,,,,
0,519,0.685425341129303,,,,,
0,529,0.6947184205055237,,,,,
0,539,0.699977695941925,,,,,
0,549,0.6832590699195862,,,,,
0,559,0.697507381439209,,,,,
0,569,0.6963945627212524,,,,,
0,579,0.7037032246589661,,,,,
0,589,0.6894046664237976,,,,,
0,599,0.6981818675994873,,,,,
0,609,0.6811557412147522,,,,,
0,619,0.6899271607398987,,,,,
0,629,0.6976439952850342,,,,,
0,639,0.698585569858551,,,,,
0,649,0.6974644064903259,,,,,
0,659,0.6978146433830261,,,,,
0,669,0.6916868686676025,,,,,
0,679,0.6940683126449585,,,,,
0,689,0.6891486644744873,,,,,
0,699,0.6927740573883057,,,,,
0,709,0.6835214495658875,,,,,
0,719,0.6816767454147339,,,,,
0,729,0.6957654356956482,,,,,
0,739,0.6799710988998413,,,,,
0,749,0.6836727261543274,,,,,
0,759,0.6861099004745483,,,,,
0,769,0.6955839991569519,,,,,
0,779,0.6925179958343506,,,,,
0,789,0.7033169865608215,,,,,
0,799,0.6933709383010864,,,,,
0,809,0.6931875944137573,,,,,
0,819,0.6750805974006653,,,,,
0,829,0.700236439704895,,,,,
0,839,0.6759949922561646,,,,,
0,849,0.6689345836639404,,,,,
0,859,0.6885549426078796,,,,,
0,869,0.6686033010482788,,,,,
0,879,0.6702308058738708,,,,,
0,889,0.6729419231414795,,,,,
0,899,0.6887950301170349,,,,,
0,909,0.7017139792442322,,,,,
0,919,0.6817539930343628,,,,,
0,929,0.6978967785835266,,,,,
0,939,0.6979906558990479,,,,,
0,949,0.6835646629333496,,,,,
0,959,0.6762699484825134,,,,,
0,969,0.7031064629554749,,,,,
0,979,0.6854824423789978,,,,,
0,989,0.6771204471588135,,,,,
0,999,0.6930200457572937,,,,,
0,1009,0.6889113783836365,,,,,
0,1019,0.6978676915168762,,,,,
0,1029,0.6896615028381348,,,,,
0,1039,0.6534671187400818,,,,,
0,1049,0.6781444549560547,,,,,
0,1059,0.6943076252937317,,,,,
0,1069,0.7188944816589355,,,,,
0,1079,0.682437539100647,,,,,
0,1089,0.6735728979110718,,,,,
0,1093,,0.5409224033355713,0.4493861794471741,0.6865526437759399,0.5670430660247803,0.38583502173423767
1,1099,0.6995211839675903,,,,,
1,1109,0.6906183958053589,,,,,
1,1119,0.6927335858345032,,,,,
1,1129,0.6702556014060974,,,,,
1,1139,0.6425805687904358,,,,,
1,1149,0.6815557479858398,,,,,
1,1159,0.6790451407432556,,,,,
1,1169,0.6845226287841797,,,,,
1,1179,0.7154892086982727,,,,,
1,1189,0.680114209651947,,,,,
1,1199,0.6678721904754639,,,,,
1,1209,0.6722123622894287,,,,,
1,1219,0.6846783757209778,,,,,
1,1229,0.7008910775184631,,,,,
1,1239,0.6608142256736755,,,,,
1,1249,0.6673641800880432,,,,,
1,1259,0.6862117648124695,,,,,
1,1269,0.7080896496772766,,,,,
1,1279,0.6789085268974304,,,,,
1,1289,0.6838133931159973,,,,,
1,1299,0.676762044429779,,,,,
1,1309,0.6630958318710327,,,,,
1,1319,0.7212035059928894,,,,,
1,1329,0.6662628054618835,,,,,
1,1339,0.6715139746665955,,,,,
1,1349,0.7269492745399475,,,,,
1,1359,0.6466989517211914,,,,,
1,1369,0.6802738308906555,,,,,
1,1379,0.6835379600524902,,,,,
1,1389,0.6876167058944702,,,,,
1,1399,0.6654661297798157,,,,,
1,1409,0.7039991617202759,,,,,
1,1419,0.66912841796875,,,,,
1,1429,0.6520571708679199,,,,,
1,1439,0.6748625040054321,,,,,
1,1449,0.682292640209198,,,,,
1,1459,0.6796159148216248,,,,,
1,1469,0.6865618228912354,,,,,
1,1479,0.6529127955436707,,,,,
1,1489,0.6645004153251648,,,,,
1,1499,0.6698935627937317,,,,,
1,1509,0.6652480959892273,,,,,
1,1519,0.6408966183662415,,,,,
1,1529,0.6551329493522644,,,,,
1,1539,0.7014203071594238,,,,,
1,1549,0.694248378276825,,,,,
1,1559,0.6787578463554382,,,,,
1,1569,0.6755053400993347,,,,,
1,1579,0.6930482387542725,,,,,
1,1589,0.6465126276016235,,,,,
1,1599,0.6767928600311279,,,,,
1,1609,0.6494747400283813,,,,,
1,1619,0.6364299058914185,,,,,
1,1629,0.7119015455245972,,,,,
1,1639,0.7080403566360474,,,,,
1,1649,0.6919910311698914,,,,,
1,1659,0.6367778182029724,,,,,
1,1669,0.6739534139633179,,,,,
1,1679,0.6762657761573792,,,,,
1,1689,0.6990199685096741,,,,,
1,1699,0.6658808588981628,,,,,
1,1709,0.6531888246536255,,,,,
1,1719,0.6387377977371216,,,,,
1,1729,0.7073013782501221,,,,,
1,1739,0.6474267840385437,,,,,
1,1749,0.6257718205451965,,,,,
1,1759,0.6885606646537781,,,,,
1,1769,0.6752009391784668,,,,,
1,1779,0.6940789222717285,,,,,
1,1789,0.688693642616272,,,,,
1,1799,0.6487686634063721,,,,,
1,1809,0.6415387988090515,,,,,
1,1819,0.625728964805603,,,,,
1,1829,0.6572114825248718,,,,,
1,1839,0.6894113421440125,,,,,
1,1849,0.6675888299942017,,,,,
1,1859,0.6787208318710327,,,,,
1,1869,0.674513578414917,,,,,
1,1879,0.7094969153404236,,,,,
1,1889,0.6720020771026611,,,,,
1,1899,0.6222720742225647,,,,,
1,1909,0.6152422428131104,,,,,
1,1919,0.6632802486419678,,,,,
1,1929,0.6670891642570496,,,,,
1,1939,0.6434470415115356,,,,,
1,1949,0.7131037712097168,,,,,
1,1959,0.7102985382080078,,,,,
1,1969,0.6342411041259766,,,,,
1,1979,0.7239951491355896,,,,,
1,1989,0.6891313791275024,,,,,
1,1999,0.7419142127037048,,,,,
1,2009,0.6447261571884155,,,,,
1,2019,0.6935675144195557,,,,,
1,2029,0.6498016119003296,,,,,
1,2039,0.6669921278953552,,,,,
1,2049,0.608108401298523,,,,,
1,2059,0.6600896120071411,,,,,
1,2069,0.6033855676651001,,,,,
1,2079,0.6388803720474243,,,,,
1,2089,0.7188055515289307,,,,,
1,2099,0.6826551556587219,,,,,
1,2109,0.6241966485977173,,,,,
1,2119,0.6714794635772705,,,,,
1,2129,0.6857244968414307,,,,,
1,2139,0.696801483631134,,,,,
1,2149,0.6782718896865845,,,,,
1,2159,0.6687190532684326,,,,,
1,2169,0.6860043406486511,,,,,
1,2179,0.6220592260360718,,,,,
1,2187,,0.6021060943603516,0.6103672385215759,0.6572661399841309,0.5983932018280029,0.6367434859275818
2,2189,0.6732378005981445,,,,,
2,2199,0.6091722846031189,,,,,
2,2209,0.6526305079460144,,,,,
2,2219,0.5835114121437073,,,,,
2,2229,0.6220832467079163,,,,,
2,2239,0.6401457190513611,,,,,
2,2249,0.5648402571678162,,,,,
2,2259,0.5888577103614807,,,,,
2,2269,0.646776020526886,,,,,
2,2279,0.6044163703918457,,,,,
2,2289,0.6852811574935913,,,,,
2,2299,0.6683938503265381,,,,,
2,2309,0.6397090554237366,,,,,
2,2319,0.6271315217018127,,,,,
2,2329,0.6702638268470764,,,,,
2,2339,0.6614689230918884,,,,,
2,2349,0.6335224509239197,,,,,
2,2359,0.5309051871299744,,,,,
2,2369,0.51276695728302,,,,,
2,2379,0.6563515663146973,,,,,
2,2389,0.5730137825012207,,,,,
2,2399,0.6330212950706482,,,,,
2,2409,0.5869762897491455,,,,,
2,2419,0.5498186945915222,,,,,
2,2429,0.6970885992050171,,,,,
2,2439,0.5827591419219971,,,,,
2,2449,0.6284222602844238,,,,,
2,2459,0.6354990005493164,,,,,
2,2469,0.5727205276489258,,,,,
2,2479,0.638818085193634,,,,,
2,2489,0.6364789009094238,,,,,
2,2499,0.6133133172988892,,,,,
2,2509,0.634091854095459,,,,,
2,2519,0.5688950419425964,,,,,
2,2529,0.5534243583679199,,,,,
2,2539,0.6300853490829468,,,,,
2,2549,0.6593764424324036,,,,,
2,2559,0.5446458458900452,,,,,
2,2569,0.6228201389312744,,,,,
2,2579,0.5246433019638062,,,,,
2,2589,0.6330575346946716,,,,,
2,2599,0.6744781732559204,,,,,
2,2609,0.546332061290741,,,,,
2,2619,0.583400547504425,,,,,
2,2629,0.649409294128418,,,,,
2,2639,0.5527192950248718,,,,,
2,2649,0.6924333572387695,,,,,
2,2659,0.5974345803260803,,,,,
2,2669,0.5947693586349487,,,,,
2,2679,0.5886463522911072,,,,,
2,2689,0.5698965787887573,,,,,
2,2699,0.6851146817207336,,,,,
2,2709,0.5620423555374146,,,,,
2,2719,0.5596741437911987,,,,,
2,2729,0.5896536707878113,,,,,
2,2739,0.5302677750587463,,,,,
2,2749,0.607136070728302,,,,,
2,2759,0.46171194314956665,,,,,
2,2769,0.6643003225326538,,,,,
2,2779,0.5934559106826782,,,,,
2,2789,0.6668464541435242,,,,,
2,2799,0.5995059609413147,,,,,
2,2809,0.5738115310668945,,,,,
2,2819,0.47621315717697144,,,,,
2,2829,0.595164954662323,,,,,
2,2839,0.6013342142105103,,,,,
2,2849,0.6855016350746155,,,,,
2,2859,0.6182214617729187,,,,,
2,2869,0.5649572610855103,,,,,
2,2879,0.6933318972587585,,,,,
2,2889,0.4619686007499695,,,,,
2,2899,0.6471908688545227,,,,,
2,2909,0.5698181986808777,,,,,
2,2919,0.6648271679878235,,,,,
2,2929,0.6201184988021851,,,,,
2,2939,0.4585171639919281,,,,,
2,2949,0.6058378219604492,,,,,
2,2959,0.6481188535690308,,,,,
2,2969,0.46134865283966064,,,,,
2,2979,0.4873974323272705,,,,,
2,2989,0.5291876196861267,,,,,
2,2999,0.734661340713501,,,,,
2,3009,0.5081568360328674,,,,,
2,3019,0.6203575134277344,,,,,
2,3029,0.5159462094306946,,,,,
2,3039,0.6810876727104187,,,,,
2,3049,0.529293417930603,,,,,
2,3059,0.7496656179428101,,,,,
2,3069,0.7425898313522339,,,,,
2,3079,0.6744041442871094,,,,,
2,3089,0.5022136569023132,,,,,
2,3099,0.5596101880073547,,,,,
2,3109,0.5802145004272461,,,,,
2,3119,0.5051606893539429,,,,,
2,3129,0.47847190499305725,,,,,
2,3139,0.5388783812522888,,,,,
2,3149,0.47425001859664917,,,,,
2,3159,0.45282408595085144,,,,,
2,3169,0.5608922243118286,,,,,
2,3179,0.49706441164016724,,,,,
2,3189,0.5036904215812683,,,,,
2,3199,0.46645617485046387,,,,,
2,3209,0.500421404838562,,,,,
2,3219,0.6247698068618774,,,,,
2,3229,0.6459774971008301,,,,,
2,3239,0.35133105516433716,,,,,
2,3249,0.4815082252025604,,,,,
2,3259,0.654675304889679,,,,,
2,3269,0.45211663842201233,,,,,
2,3279,0.4964086711406708,,,,,
2,3281,,0.7126099467277527,0.7189221978187561,0.5597750544548035,0.7016822695732117,0.751189649105072
3,3289,0.575523316860199,,,,,
3,3299,0.44534364342689514,,,,,
3,3309,0.5048136115074158,,,,,
3,3319,0.5661266446113586,,,,,
3,3329,0.5126692652702332,,,,,
3,3339,0.5282692313194275,,,,,
3,3349,0.6058099269866943,,,,,
3,3359,0.49745601415634155,,,,,
3,3369,0.5017229318618774,,,,,
3,3379,0.4216393530368805,,,,,
3,3389,0.4868285357952118,,,,,
3,3399,0.45609980821609497,,,,,
3,3409,0.37698477506637573,,,,,
3,3419,0.4141721725463867,,,,,
3,3429,0.574746310710907,,,,,
3,3439,0.43804043531417847,,,,,
3,3449,0.4228927791118622,,,,,
3,3459,0.5903587341308594,,,,,
3,3469,0.6394348740577698,,,,,
3,3479,0.552000105381012,,,,,
3,3489,0.6557013988494873,,,,,
3,3499,0.4798424541950226,,,,,
3,3509,0.588685929775238,,,,,
3,3519,0.5327364802360535,,,,,
3,3529,0.4433553218841553,,,,,
3,3539,0.6228060126304626,,,,,
3,3549,0.4269046485424042,,,,,
3,3559,0.5081718564033508,,,,,
3,3569,0.5194070339202881,,,,,
3,3579,0.6307531595230103,,,,,
3,3589,0.4396806061267853,,,,,
3,3599,0.4459419846534729,,,,,
3,3609,0.5064941644668579,,,,,
3,3619,0.4235185980796814,,,,,
3,3629,0.500267744064331,,,,,
3,3639,0.6146021485328674,,,,,
3,3649,0.3621596097946167,,,,,
3,3659,0.5700130462646484,,,,,
3,3669,0.6289059519767761,,,,,
3,3679,0.4746968746185303,,,,,
3,3689,0.3742087483406067,,,,,
3,3699,0.7250311970710754,,,,,
3,3709,0.44818219542503357,,,,,
3,3719,0.576869010925293,,,,,
3,3729,0.5623322129249573,,,,,
3,3739,0.33976492285728455,,,,,
3,3749,0.5573908686637878,,,,,
3,3759,0.42230138182640076,,,,,
3,3769,0.4781726896762848,,,,,
3,3779,0.5366036295890808,,,,,
3,3789,0.3767252266407013,,,,,
3,3799,0.4537387788295746,,,,,
3,3809,0.640342116355896,,,,,
3,3819,0.38053664565086365,,,,,
3,3829,0.44520053267478943,,,,,
3,3839,0.6673592925071716,,,,,
3,3849,0.6019050478935242,,,,,
3,3859,0.4000813066959381,,,,,
3,3869,0.524850606918335,,,,,
3,3879,0.3673780560493469,,,,,
3,3889,0.4596256613731384,,,,,
3,3899,0.4797144830226898,,,,,
3,3909,0.5506849884986877,,,,,
3,3919,0.6092827320098877,,,,,
3,3929,0.4713326096534729,,,,,
3,3939,0.5337125062942505,,,,,
3,3949,0.36854222416877747,,,,,
3,3959,0.5181781649589539,,,,,
3,3969,0.555743932723999,,,,,
3,3979,0.48141759634017944,,,,,
3,3989,0.568403422832489,,,,,
3,3999,0.3819713592529297,,,,,
3,4009,0.6208000183105469,,,,,
3,4019,0.5106956958770752,,,,,
3,4029,0.4580402970314026,,,,,
3,4039,0.4718359112739563,,,,,
3,4049,0.3971707224845886,,,,,
3,4059,0.5809298157691956,,,,,
3,4069,0.5715090036392212,,,,,
3,4079,0.3421536982059479,,,,,
3,4089,0.5652298331260681,,,,,
3,4099,0.5149390697479248,,,,,
3,4109,0.5257800817489624,,,,,
3,4119,0.46552109718322754,,,,,
3,4129,0.6656496524810791,,,,,
3,4139,0.4429866075515747,,,,,
3,4149,0.5192481875419617,,,,,
3,4159,0.5995873212814331,,,,,
3,4169,0.45945823192596436,,,,,
3,4179,0.35852986574172974,,,,,
3,4189,0.45413950085639954,,,,,
3,4199,0.6372562646865845,,,,,
3,4209,0.5150092840194702,,,,,
3,4219,0.29468145966529846,,,,,
3,4229,0.3616704046726227,,,,,
3,4239,0.4806672930717468,,,,,
3,4249,0.4743303656578064,,,,,
3,4259,0.47275832295417786,,,,,
3,4269,0.5015941858291626,,,,,
3,4279,0.3854873776435852,,,,,
3,4289,0.3104206621646881,,,,,
3,4299,0.4967842698097229,,,,,
3,4309,0.43686091899871826,,,,,
3,4319,0.382419228553772,,,,,
3,4329,0.5380162000656128,,,,,
3,4339,0.4089098870754242,,,,,
3,4349,0.4922631084918976,,,,,
3,4359,0.4197494685649872,,,,,
3,4369,0.3333590030670166,,,,,
3,4375,,0.7609970569610596,0.7779870629310608,0.5044988393783569,0.7244977355003357,0.8524996638298035
4,4379,0.3749845623970032,,,,,
4,4389,0.5463505387306213,,,,,
4,4399,0.44303634762763977,,,,,
4,4409,0.32693055272102356,,,,,
4,4419,0.4271954298019409,,,,,
4,4429,0.568276584148407,,,,,
4,4439,0.45054200291633606,,,,,
4,4449,0.3185790777206421,,,,,
4,4459,0.41963300108909607,,,,,
4,4469,0.3717629015445709,,,,,
4,4479,0.3037482500076294,,,,,
4,4489,0.43567684292793274,,,,,
4,4499,0.39906805753707886,,,,,
4,4509,0.5093583464622498,,,,,
4,4519,0.513160765171051,,,,,
4,4529,0.46809929609298706,,,,,
4,4539,0.3432883024215698,,,,,
4,4549,0.4650461673736572,,,,,
4,4559,0.3864477574825287,,,,,
4,4569,0.4319603741168976,,,,,
4,4579,0.4624689519405365,,,,,
4,4589,0.5833351612091064,,,,,
4,4599,0.4385997951030731,,,,,
4,4609,0.44197288155555725,,,,,
4,4619,0.5639859437942505,,,,,
4,4629,0.5914050936698914,,,,,
4,4639,0.5576590299606323,,,,,
4,4649,0.6015154123306274,,,,,
4,4659,0.3076477646827698,,,,,
4,4669,0.3318498730659485,,,,,
4,4679,0.26197075843811035,,,,,
4,4689,0.4551229774951935,,,,,
4,4699,0.516633152961731,,,,,
4,4709,0.36168259382247925,,,,,
4,4719,0.40041351318359375,,,,,
4,4729,0.4565977156162262,,,,,
4,4739,0.3613603115081787,,,,,
4,4749,0.38563376665115356,,,,,
4,4759,0.49635446071624756,,,,,
4,4769,0.5770921111106873,,,,,
4,4779,0.5323379635810852,,,,,
4,4789,0.4338514506816864,,,,,
4,4799,0.42446088790893555,,,,,
4,4809,0.40640169382095337,,,,,
4,4819,0.38776353001594543,,,,,
4,4829,0.3831453025341034,,,,,
4,4839,0.3350968360900879,,,,,
4,4849,0.49487927556037903,,,,,
4,4859,0.4605152904987335,,,,,
4,4869,0.5899394154548645,,,,,
4,4879,0.5346453189849854,,,,,
4,4889,0.3704124689102173,,,,,
4,4899,0.26033422350883484,,,,,
4,4909,0.360867440700531,,,,,
4,4919,0.4799385368824005,,,,,
4,4929,0.5597308278083801,,,,,
4,4939,0.5710175037384033,,,,,
4,4949,0.45355692505836487,,,,,
4,4959,0.42527735233306885,,,,,
4,4969,0.4283186197280884,,,,,
4,4979,0.4549717903137207,,,,,
4,4989,0.5977521538734436,,,,,
4,4999,0.44111770391464233,,,,,
4,5009,0.4382050633430481,,,,,
4,5019,0.2304377555847168,,,,,
4,5029,0.4291597008705139,,,,,
4,5039,0.4054085314273834,,,,,
4,5049,0.36270979046821594,,,,,
4,5059,0.6215745806694031,,,,,
4,5069,0.3777962327003479,,,,,
4,5079,0.5333983898162842,,,,,
4,5089,0.453033983707428,,,,,
4,5099,0.39165472984313965,,,,,
4,5109,0.4540511965751648,,,,,
4,5119,0.3830626308917999,,,,,
4,5129,0.4620303213596344,,,,,
4,5139,0.3278287649154663,,,,,
4,5149,0.4618890881538391,,,,,
4,5159,0.406778484582901,,,,,
4,5169,0.26335448026657104,,,,,
4,5179,0.3466280400753021,,,,,
4,5189,0.39592990279197693,,,,,
4,5199,0.49755045771598816,,,,,
4,5209,0.3656855821609497,,,,,
4,5219,0.4836224615573883,,,,,
4,5229,0.48890405893325806,,,,,
4,5239,0.4272651970386505,,,,,
4,5249,0.3001938760280609,,,,,
4,5259,0.392170786857605,,,,,
4,5269,0.3306012451648712,,,,,
4,5279,0.4166482985019684,,,,,
4,5289,0.3733986020088196,,,,,
4,5299,0.35304781794548035,,,,,
4,5309,0.5034418106079102,,,,,
4,5319,0.5864255428314209,,,,,
4,5329,0.46005433797836304,,,,,
4,5339,0.3808169960975647,,,,,
4,5349,0.4362516403198242,,,,,
4,5359,0.37935522198677063,,,,,
4,5369,0.44408518075942993,,,,,
4,5379,0.40599313378334045,,,,,
4,5389,0.464137464761734,,,,,
4,5399,0.2752896547317505,,,,,
4,5409,0.4893134832382202,,,,,
4,5419,0.26319649815559387,,,,,
4,5429,0.43009594082832336,,,,,
4,5439,0.3085492253303528,,,,,
4,5449,0.614160418510437,,,,,
4,5459,0.47338342666625977,,,,,
4,5469,0.3502737581729889,,,,,
4,5469,,0.7973873615264893,0.8003106713294983,0.4511880874633789,0.7805507779121399,0.8320853114128113
5,5479,0.3598475456237793,,,,,
5,5489,0.24580934643745422,,,,,
5,5499,0.3383566439151764,,,,,
5,5509,0.6456605195999146,,,,,
5,5519,0.2707768380641937,,,,,
5,5529,0.28893858194351196,,,,,
5,5539,0.2293727546930313,,,,,
5,5549,0.4879797101020813,,,,,
5,5559,0.15071935951709747,,,,,
5,5569,0.18020659685134888,,,,,
5,5579,0.24577787518501282,,,,,
5,5589,0.2739977538585663,,,,,
5,5599,0.5968442559242249,,,,,
5,5609,0.46757179498672485,,,,,
5,5619,0.2754227817058563,,,,,
5,5629,0.3684294819831848,,,,,
5,5639,0.390534371137619,,,,,
5,5649,0.2700936198234558,,,,,
5,5659,0.3380850553512573,,,,,
5,5669,0.37316617369651794,,,,,
5,5679,0.30940091609954834,,,,,
5,5689,0.3571542501449585,,,,,
5,5699,0.35921111702919006,,,,,
5,5709,0.25493136048316956,,,,,
5,5719,0.3765997588634491,,,,,
5,5729,0.3924013674259186,,,,,
5,5739,0.27239900827407837,,,,,
5,5749,0.4053554832935333,,,,,
5,5759,0.27578896284103394,,,,,
5,5769,0.2764351963996887,,,,,
5,5779,0.3364006578922272,,,,,
5,5789,0.3360191583633423,,,,,
5,5799,0.2039981633424759,,,,,
5,5809,0.24303296208381653,,,,,
5,5819,0.3031483590602875,,,,,
5,5829,0.38069233298301697,,,,,
5,5839,0.4212815463542938,,,,,
5,5849,0.4083542227745056,,,,,
5,5859,0.40965384244918823,,,,,
5,5869,0.36385172605514526,,,,,
5,5879,0.246445432305336,,,,,
5,5889,0.19387458264827728,,,,,
5,5899,0.26963964104652405,,,,,
5,5909,0.30119770765304565,,,,,
5,5919,0.24410267174243927,,,,,
5,5929,0.41875001788139343,,,,,
5,5939,0.2684899568557739,,,,,
5,5949,0.3220089077949524,,,,,
5,5959,0.27884337306022644,,,,,
5,5969,0.2747116982936859,,,,,
5,5979,0.35802462697029114,,,,,
5,5989,0.4688340127468109,,,,,
5,5999,0.3359189033508301,,,,,
5,6009,0.3343932330608368,,,,,
5,6019,0.39183947443962097,,,,,
5,6029,0.37129342555999756,,,,,
5,6039,0.5231441259384155,,,,,
5,6049,0.26101207733154297,,,,,
5,6059,0.3641853928565979,,,,,
5,6069,0.3099823296070099,,,,,
5,6079,0.3932585120201111,,,,,
5,6089,0.17588430643081665,,,,,
5,6099,0.3874094784259796,,,,,
5,6109,0.3698088824748993,,,,,
5,6119,0.3252803683280945,,,,,
5,6129,0.3536369800567627,,,,,
5,6139,0.3882177472114563,,,,,
5,6149,0.34059569239616394,,,,,
5,6159,0.4893985688686371,,,,,
5,6169,0.3391152620315552,,,,,
5,6179,0.5556896924972534,,,,,
5,6189,0.21370373666286469,,,,,
5,6199,0.4766484200954437,,,,,
5,6209,0.290804922580719,,,,,
5,6219,0.42157047986984253,,,,,
5,6229,0.5511637926101685,,,,,
5,6239,0.456059068441391,,,,,
5,6249,0.396774023771286,,,,,
5,6259,0.26068249344825745,,,,,
5,6269,0.4975164532661438,,,,,
5,6279,0.49651575088500977,,,,,
5,6289,0.46417897939682007,,,,,
5,6299,0.3421972692012787,,,,,
5,6309,0.3556910455226898,,,,,
5,6319,0.3570224940776825,,,,,
5,6329,0.2201773077249527,,,,,
5,6339,0.46395573019981384,,,,,
5,6349,0.37660959362983704,,,,,
5,6359,0.19656214118003845,,,,,
5,6369,0.3652167022228241,,,,,
5,6379,0.39348363876342773,,,,,
5,6389,0.7379528284072876,,,,,
5,6399,0.6086443662643433,,,,,
5,6409,0.17892073094844818,,,,,
5,6419,0.6745895147323608,,,,,
5,6429,0.41320738196372986,,,,,
5,6439,0.4265259802341461,,,,,
5,6449,0.39959412813186646,,,,,
5,6459,0.32677507400512695,,,,,
5,6469,0.5003335475921631,,,,,
5,6479,0.4220702052116394,,,,,
5,6489,0.5846088528633118,,,,,
5,6499,0.5336174368858337,,,,,
5,6509,0.4703940153121948,,,,,
5,6519,0.5281888246536255,,,,,
5,6529,0.347977876663208,,,,,
5,6539,0.27950140833854675,,,,,
5,6549,0.25917115807533264,,,,,
5,6559,0.5055001378059387,,,,,
5,6563,,0.8039189577102661,0.8079624772071838,0.4351085126399994,0.7847933173179626,0.8430434465408325
6,6569,0.23971067368984222,,,,,
6,6579,0.4601905643939972,,,,,
6,6589,0.3639540672302246,,,,,
6,6599,0.359358549118042,,,,,
6,6609,0.37110278010368347,,,,,
6,6619,0.45425862073898315,,,,,
6,6629,0.23878660798072815,,,,,
6,6639,0.38569584488868713,,,,,
6,6649,0.3093530535697937,,,,,
6,6659,0.3206683099269867,,,,,
6,6669,0.37274792790412903,,,,,
6,6679,0.20708751678466797,,,,,
6,6689,0.49789950251579285,,,,,
6,6699,0.4603124260902405,,,,,
6,6709,0.3532889187335968,,,,,
6,6719,0.4385685324668884,,,,,
6,6729,0.17224669456481934,,,,,
6,6739,0.3932650089263916,,,,,
6,6749,0.2138952761888504,,,,,
6,6759,0.21149538457393646,,,,,
6,6769,0.517295241355896,,,,,
6,6779,0.294902503490448,,,,,
6,6789,0.40730148553848267,,,,,
6,6799,0.41060304641723633,,,,,
6,6809,0.5305816531181335,,,,,
6,6819,0.19267001748085022,,,,,
6,6829,0.4135635793209076,,,,,
6,6839,0.40675321221351624,,,,,
6,6849,0.3549775183200836,,,,,
6,6859,0.2754093110561371,,,,,
6,6869,0.3739463984966278,,,,,
6,6879,0.39228394627571106,,,,,
6,6889,0.5097174644470215,,,,,
6,6899,0.3414269685745239,,,,,
6,6909,0.18778632581233978,,,,,
6,6919,0.41312140226364136,,,,,
6,6929,0.25027188658714294,,,,,
6,6939,0.3489648699760437,,,,,
6,6949,0.3814886212348938,,,,,
6,6959,0.15815187990665436,,,,,
6,6969,0.19609087705612183,,,,,
6,6979,0.2257847785949707,,,,,
6,6989,0.26824623346328735,,,,,
6,6999,0.25051140785217285,,,,,
6,7009,0.20350737869739532,,,,,
6,7019,0.28913068771362305,,,,,
6,7029,0.2487718164920807,,,,,
6,7039,0.38852474093437195,,,,,
6,7049,0.4788443446159363,,,,,
6,7059,0.4213966429233551,,,,,
6,7069,0.15453575551509857,,,,,
6,7079,0.4352453351020813,,,,,
6,7089,0.34225180745124817,,,,,
6,7099,0.4144006073474884,,,,,
6,7109,0.2884288728237152,,,,,
6,7119,0.19711047410964966,,,,,
6,7129,0.2613850235939026,,,,,
6,7139,0.4057946503162384,,,,,
6,7149,0.38002809882164,,,,,
6,7159,0.4667571187019348,,,,,
6,7169,0.43857771158218384,,,,,
6,7179,0.2893732786178589,,,,,
6,7189,0.17030556499958038,,,,,
6,7199,0.2547723352909088,,,,,
6,7209,0.3641502857208252,,,,,
6,7219,0.6450182199478149,,,,,
6,7229,0.46306362748146057,,,,,
6,7239,0.2143804430961609,,,,,
6,7249,0.44343963265419006,,,,,
6,7259,0.3051248788833618,,,,,
6,7269,0.2325141727924347,,,,,
6,7279,0.2293211817741394,,,,,
6,7289,0.4345366954803467,,,,,
6,7299,0.28066039085388184,,,,,
6,7309,0.3388165831565857,,,,,
6,7319,0.28494077920913696,,,,,
6,7329,0.3054710626602173,,,,,
6,7339,0.3795885145664215,,,,,
6,7349,0.31441378593444824,,,,,
6,7359,0.541420042514801,,,,,
6,7369,0.27266353368759155,,,,,
6,7379,0.27203845977783203,,,,,
6,7389,0.40587323904037476,,,,,
6,7399,0.22198963165283203,,,,,
6,7409,0.6066554188728333,,,,,
6,7419,0.23653891682624817,,,,,
6,7429,0.4321698546409607,,,,,
6,7439,0.2308937907218933,,,,,
6,7449,0.35192641615867615,,,,,
6,7459,0.1880871057510376,,,,,
6,7469,0.3379945755004883,,,,,
6,7479,0.32755157351493835,,,,,
6,7489,0.30226871371269226,,,,,
6,7499,0.414305716753006,,,,,
6,7509,0.3506990075111389,,,,,
6,7519,0.3368441164493561,,,,,
6,7529,0.4867500066757202,,,,,
6,7539,0.41793620586395264,,,,,
6,7549,0.5208072066307068,,,,,
6,7559,0.3694070875644684,,,,,
6,7569,0.2282329648733139,,,,,
6,7579,0.27902379631996155,,,,,
6,7589,0.22557419538497925,,,,,
6,7599,0.3566642105579376,,,,,
6,7609,0.43598437309265137,,,,,
6,7619,0.41125643253326416,,,,,
6,7629,0.2341095209121704,,,,,
6,7639,0.4122042953968048,,,,,
6,7649,0.4736115336418152,,,,,
6,7657,,0.8188483119010925,0.821303129196167,0.4150237739086151,0.7984811067581177,0.8544332981109619
7,7659,0.3070141673088074,,,,,
7,7669,0.36521390080451965,,,,,
7,7679,0.3476628363132477,,,,,
7,7689,0.3434460461139679,,,,,
7,7699,0.2938525676727295,,,,,
7,7709,0.47435516119003296,,,,,
7,7719,0.28720977902412415,,,,,
7,7729,0.48301202058792114,,,,,
7,7739,0.24406136572360992,,,,,
7,7749,0.24881210923194885,,,,,
7,7759,0.38374951481819153,,,,,
7,7769,0.29190197587013245,,,,,
7,7779,0.16233524680137634,,,,,
7,7789,0.3683702051639557,,,,,
7,7799,0.13952717185020447,,,,,
7,7809,0.35347282886505127,,,,,
7,7819,0.20907586812973022,,,,,
7,7829,0.3354741632938385,,,,,
7,7839,0.35538116097450256,,,,,
7,7849,0.23319153487682343,,,,,
7,7859,0.1824374943971634,,,,,
7,7869,0.30916261672973633,,,,,
7,7879,0.2937942445278168,,,,,
7,7889,0.1938612163066864,,,,,
7,7899,0.23959895968437195,,,,,
7,7909,0.35175830125808716,,,,,
7,7919,0.5429673194885254,,,,,
7,7929,0.4279322326183319,,,,,
7,7939,0.3101901113986969,,,,,
7,7949,0.16942386329174042,,,,,
7,7959,0.3751552999019623,,,,,
7,7969,0.2514575719833374,,,,,
7,7979,0.35660266876220703,,,,,
7,7989,0.28444257378578186,,,,,
7,7999,0.2817643880844116,,,,,
7,8009,0.2747901976108551,,,,,
7,8019,0.4844723641872406,,,,,
7,8029,0.23096194863319397,,,,,
7,8039,0.46253103017807007,,,,,
7,8049,0.3153567314147949,,,,,
7,8059,0.544214129447937,,,,,
7,8069,0.15715058147907257,,,,,
7,8079,0.25680333375930786,,,,,
7,8089,0.23354771733283997,,,,,
7,8099,0.32646507024765015,,,,,
7,8109,0.19988827407360077,,,,,
7,8119,0.20599976181983948,,,,,
7,8129,0.17962338030338287,,,,,
7,8139,0.2466168999671936,,,,,
7,8149,0.41768351197242737,,,,,
7,8159,0.28410154581069946,,,,,
7,8169,0.5205192565917969,,,,,
7,8179,0.4546547532081604,,,,,
7,8189,0.16252881288528442,,,,,
7,8199,0.16284458339214325,,,,,
7,8209,0.4564901292324066,,,,,
7,8219,0.4113267660140991,,,,,
7,8229,0.26457923650741577,,,,,
7,8239,0.12884147465229034,,,,,
7,8249,0.1302906572818756,,,,,
7,8259,0.4389900267124176,,,,,
7,8269,0.2940785586833954,,,,,
7,8279,0.5358712077140808,,,,,
7,8289,0.21467681229114532,,,,,
7,8299,0.11876318603754044,,,,,
7,8309,0.33745309710502625,,,,,
7,8319,0.2174226939678192,,,,,
7,8329,0.16907073557376862,,,,,
7,8339,0.17905518412590027,,,,,
7,8349,0.24547012150287628,,,,,
7,8359,0.18551397323608398,,,,,
7,8369,0.21473364531993866,,,,,
7,8379,0.2828444242477417,,,,,
7,8389,0.2583038806915283,,,,,
7,8399,0.2414708137512207,,,,,
7,8409,0.4394298195838928,,,,,
7,8419,0.17911015450954437,,,,,
7,8429,0.5151211023330688,,,,,
7,8439,0.5568056106567383,,,,,
7,8449,0.44178929924964905,,,,,
7,8459,0.2058636099100113,,,,,
7,8469,0.33193495869636536,,,,,
7,8479,0.21800623834133148,,,,,
7,8489,0.48978298902511597,,,,,
7,8499,0.2717946767807007,,,,,
7,8509,0.1649046242237091,,,,,
7,8519,0.31340155005455017,,,,,
7,8529,0.2807677686214447,,,,,
7,8539,0.33214685320854187,,,,,
7,8549,0.4980103373527527,,,,,
7,8559,0.32652416825294495,,,,,
7,8569,0.24238258600234985,,,,,
7,8579,0.4153904318809509,,,,,
7,8589,0.14333337545394897,,,,,
7,8599,0.2406853437423706,,,,,
7,8609,0.45084449648857117,,,,,
7,8619,0.36932897567749023,,,,,
7,8629,0.17986129224300385,,,,,
7,8639,0.1424003541469574,,,,,
7,8649,0.27082985639572144,,,,,
7,8659,0.193667471408844,,,,,
7,8669,0.1759309023618698,,,,,
7,8679,0.33995339274406433,,,,,
7,8689,0.12591852247714996,,,,,
7,8699,0.6062325239181519,,,,,
7,8709,0.3512013554573059,,,,,
7,8719,0.24493788182735443,,,,,
7,8729,0.3004745543003082,,,,,
7,8739,0.38172072172164917,,,,,
7,8749,0.28659722208976746,,,,,
7,8751,,0.8283124566078186,0.8254101872444153,0.4065658152103424,0.8252098560333252,0.8345382809638977
8,8759,0.22256147861480713,,,,,
8,8769,0.3331027626991272,,,,,
8,8779,0.2594861090183258,,,,,
8,8789,0.1817082315683365,,,,,
8,8799,0.20859526097774506,,,,,
8,8809,0.2955183684825897,,,,,
8,8819,0.22362148761749268,,,,,
8,8829,0.26763564348220825,,,,,
8,8839,0.2501369118690491,,,,,
8,8849,0.24614229798316956,,,,,
8,8859,0.21361678838729858,,,,,
8,8869,0.08133076876401901,,,,,
8,8879,0.31554675102233887,,,,,
8,8889,0.2771088480949402,,,,,
8,8899,0.24899761378765106,,,,,
8,8909,0.21493971347808838,,,,,
8,8919,0.3275551199913025,,,,,
8,8929,0.10248257219791412,,,,,
8,8939,0.21865074336528778,,,,,
8,8949,0.2741891145706177,,,,,
8,8959,0.3689322769641876,,,,,
8,8969,0.22301532328128815,,,,,
8,8979,0.1971404105424881,,,,,
8,8989,0.2469211220741272,,,,,
8,8999,0.15530338883399963,,,,,
8,9009,0.15460939705371857,,,,,
8,9019,0.2654497027397156,,,,,
8,9029,0.20447830855846405,,,,,
8,9039,0.23773235082626343,,,,,
8,9049,0.3282853066921234,,,,,
8,9059,0.20107412338256836,,,,,
8,9069,0.182694211602211,,,,,
8,9079,0.12817656993865967,,,,,
8,9089,0.21473658084869385,,,,,
8,9099,0.41242656111717224,,,,,
8,9109,0.29006609320640564,,,,,
8,9119,0.5417675375938416,,,,,
8,9129,0.18829844892024994,,,,,
8,9139,0.2810974717140198,,,,,
8,9149,0.42068228125572205,,,,,
8,9159,0.37356311082839966,,,,,
8,9169,0.09363534301519394,,,,,
8,9179,0.24650196731090546,,,,,
8,9189,0.5672904253005981,,,,,
8,9199,0.31393471360206604,,,,,
8,9209,0.20004190504550934,,,,,
8,9219,0.29369062185287476,,,,,
8,9229,0.1623382866382599,,,,,
8,9239,0.23455703258514404,,,,,
8,9249,0.33617326617240906,,,,,
8,9259,0.14346133172512054,,,,,
8,9269,0.14415009319782257,,,,,
8,9279,0.0832175612449646,,,,,
8,9289,0.3581676483154297,,,,,
8,9299,0.13300862908363342,,,,,
8,9309,0.2770358622074127,,,,,
8,9319,0.2342873215675354,,,,,
8,9329,0.26841115951538086,,,,,
8,9339,0.21808655560016632,,,,,
8,9349,0.3668874502182007,,,,,
8,9359,0.2682035565376282,,,,,
8,9369,0.08295273780822754,,,,,
8,9379,0.22513024508953094,,,,,
8,9389,0.18582689762115479,,,,,
8,9399,0.29666954278945923,,,,,
8,9409,0.3935501277446747,,,,,
8,9419,0.07159414887428284,,,,,
8,9429,0.12928757071495056,,,,,
8,9439,0.21403484046459198,,,,,
8,9449,0.29359427094459534,,,,,
8,9459,0.13461673259735107,,,,,
8,9469,0.23675662279129028,,,,,
8,9479,0.49829986691474915,,,,,
8,9489,0.29760992527008057,,,,,
8,9499,0.26034635305404663,,,,,
8,9509,0.19650059938430786,,,,,
8,9519,0.15601859986782074,,,,,
8,9529,0.2099730670452118,,,,,
8,9539,0.19156411290168762,,,,,
8,9549,0.2182082086801529,,,,,
8,9559,0.24205917119979858,,,,,
8,9569,0.18850965797901154,,,,,
8,9579,0.281164288520813,,,,,
8,9589,0.2020232230424881,,,,,
8,9599,0.14133933186531067,,,,,
8,9609,0.3111976683139801,,,,,
8,9619,0.1612648367881775,,,,,
8,9629,0.28268107771873474,,,,,
8,9639,0.13341212272644043,,,,,
8,9649,0.25087204575538635,,,,,
8,9659,0.2918655574321747,,,,,
8,9669,0.2777406871318817,,,,,
8,9679,0.17427723109722137,,,,,
8,9689,0.5480602979660034,,,,,
8,9699,0.19259768724441528,,,,,
8,9709,0.4281904995441437,,,,,
8,9719,0.18670138716697693,,,,,
8,9729,0.1447378247976303,,,,,
8,9739,0.291901558637619,,,,,
8,9749,0.38747355341911316,,,,,
8,9759,0.23181265592575073,,,,,
8,9769,0.25202178955078125,,,,,
8,9779,0.18604335188865662,,,,,
8,9789,0.23648865520954132,,,,,
8,9799,0.3134351074695587,,,,,
8,9809,0.2607744634151459,,,,,
8,9819,0.45424124598503113,,,,,
8,9829,0.1432180106639862,,,,,
8,9839,0.2508379817008972,,,,,
8,9845,,0.7916555404663086,0.7543238401412964,0.5023642182350159,0.8958629965782166,0.6621381640434265
9,9849,0.24734878540039062,,,,,
9,9859,0.24234388768672943,,,,,
9,9869,0.09491564333438873,,,,,
9,9879,0.2176773101091385,,,,,
9,9889,0.27454161643981934,,,,,
9,9899,0.11473940312862396,,,,,
9,9909,0.2581864893436432,,,,,
9,9919,0.1983250379562378,,,,,
9,9929,0.3753771185874939,,,,,
9,9939,0.3727051317691803,,,,,
9,9949,0.15123313665390015,,,,,
9,9959,0.2923864722251892,,,,,
9,9969,0.20687688887119293,,,,,
9,9979,0.2653193771839142,,,,,
9,9989,0.1517261117696762,,,,,
9,9999,0.21832974255084991,,,,,
9,10009,0.1098421961069107,,,,,
9,10019,0.3469878137111664,,,,,
9,10029,0.13530421257019043,,,,,
9,10039,0.12914031744003296,,,,,
9,10049,0.03880957141518593,,,,,
9,10059,0.2180030643939972,,,,,
9,10069,0.11775372922420502,,,,,
9,10079,0.19464443624019623,,,,,
9,10089,0.4575783312320709,,,,,
9,10099,0.20307505130767822,,,,,
9,10109,0.12568026781082153,,,,,
9,10119,0.1852087825536728,,,,,
9,10129,0.2841916084289551,,,,,
9,10139,0.2819751501083374,,,,,
9,10149,0.13522303104400635,,,,,
9,10159,0.13214752078056335,,,,,
9,10169,0.31304430961608887,,,,,
9,10179,0.12343236804008484,,,,,
9,10189,0.07349499315023422,,,,,
9,10199,0.1858399212360382,,,,,
9,10209,0.10569608211517334,,,,,
9,10219,0.22457560896873474,,,,,
9,10229,0.1202431246638298,,,,,
9,10239,0.1708931028842926,,,,,
9,10249,0.2276686131954193,,,,,
9,10259,0.29613035917282104,,,,,
9,10269,0.07137150317430496,,,,,
9,10279,0.2120680958032608,,,,,
9,10289,0.07527709752321243,,,,,
9,10299,0.23482295870780945,,,,,
9,10309,0.11658719927072525,,,,,
9,10319,0.10329526662826538,,,,,
9,10329,0.1376303881406784,,,,,
9,10339,0.15337207913398743,,,,,
9,10349,0.276211678981781,,,,,
9,10359,0.3814746141433716,,,,,
9,10369,0.09948605298995972,,,,,
9,10379,0.27636095881462097,,,,,
9,10389,0.3230150640010834,,,,,
9,10399,0.2944277822971344,,,,,
9,10409,0.4560183584690094,,,,,
9,10419,0.4444618225097656,,,,,
9,10429,0.1508500725030899,,,,,
9,10439,0.23055626451969147,,,,,
9,10449,0.28988268971443176,,,,,
9,10459,0.1609783172607422,,,,,
9,10469,0.1395411193370819,,,,,
9,10479,0.20669770240783691,,,,,
9,10489,0.21135380864143372,,,,,
9,10499,0.4055651128292084,,,,,
9,10509,0.15354247391223907,,,,,
9,10519,0.2067800611257553,,,,,
9,10529,0.15595164895057678,,,,,
9,10539,0.0819392129778862,,,,,
9,10549,0.1540646106004715,,,,,
9,10559,0.10899059474468231,,,,,
9,10569,0.1474473625421524,,,,,
9,10579,0.14023639261722565,,,,,
9,10589,0.21970301866531372,,,,,
9,10599,0.16534581780433655,,,,,
9,10609,0.2517610192298889,,,,,
9,10619,0.32220765948295593,,,,,
9,10629,0.39090442657470703,,,,,
9,10639,0.06998016685247421,,,,,
9,10649,0.1723746359348297,,,,,
9,10659,0.1304263472557068,,,,,
9,10669,0.13139384984970093,,,,,
9,10679,0.14380377531051636,,,,,
9,10689,0.2835131585597992,,,,,
9,10699,0.1909261792898178,,,,,
9,10709,0.2783626914024353,,,,,
9,10719,0.2798198163509369,,,,,
9,10729,0.11699139326810837,,,,,
9,10739,0.2442382127046585,,,,,
9,10749,0.3232300877571106,,,,,
9,10759,0.3517204523086548,,,,,
9,10769,0.08029856532812119,,,,,
9,10779,0.249090313911438,,,,,
9,10789,0.1458955556154251,,,,,
9,10799,0.23458421230316162,,,,,
9,10809,0.2310498207807541,,,,,
9,10819,0.24323256313800812,,,,,
9,10829,0.16260044276714325,,,,,
9,10839,0.29084745049476624,,,,,
9,10849,0.2268449366092682,,,,,
9,10859,0.08555568754673004,,,,,
9,10869,0.16932982206344604,,,,,
9,10879,0.1274348646402359,,,,,
9,10889,0.2661479115486145,,,,,
9,10899,0.15992853045463562,,,,,
9,10909,0.25682303309440613,,,,,
9,10919,0.4297252595424652,,,,,
9,10929,0.3787529468536377,,,,,
9,10939,0.19879652559757233,,,,,
9,10939,,0.8368434906005859,0.8441658616065979,0.43612369894981384,0.7955849766731262,0.9074441194534302
